Date,X_00060_00003,X_99133_00003
3/13/12,95.8,4.98
3/14/12,88.9,4.5
3/15/12,81.5,4.03
3/16/12,75.1,3.83
3/17/12,69.7,3.58
3/18/12,66.8,3.42
3/19/12,61,3.45
3/20/12,60.5,3.14
3/21/12,63.4,2.84
3/22/12,62.7,3.14
3/23/12,59.8,3.66
3/24/12,55.5,3.54
3/25/12,51.6,3.99
3/26/12,47.7,4.04
3/27/12,43.3,4.19
3/28/12,42.2,3.71
3/29/12,41.8,3.72
3/30/12,42.5,4.43
3/31/12,44.6,4.52
4/1/12,44.8,4.85
4/2/12,39.3,4.95
4/3/12,37,3.96
4/4/12,35,3.67
4/5/12,32.9,3.74
4/6/12,32.5,4.25
4/7/12,31.2,5.18
4/8/12,30.4,5.31
4/9/12,28.8,5.48
4/10/12,28,6.07
4/11/12,28.1,6.39
4/12/12,28.6,5.92
4/13/12,44.2,5.22
4/14/12,55.6,5.53
4/15/12,99.4,5.32
4/16/12,121,4.14
4/17/12,122,4.51
4/18/12,105,4.67
4/19/12,112,5.09
4/20/12,205,5.45
4/21/12,317,8.28
4/22/12,241,10.6
4/27/12,117,7.14
4/28/12,119,6.7
4/29/12,130,6.94
4/30/12,134,6.79
5/1/12,133,6.73
5/2/12,180,6.33
5/3/12,284,8.72
5/4/12,282,9.49
5/5/12,259,10.1
5/6/12,302,10.4
5/7/12,294,10.7
5/8/12,295,11.1
5/9/12,256,11.7
5/10/12,223,11.6
5/11/12,198,11.3
5/12/12,176,11
5/13/12,158,10.5
5/16/12,138,9.52
5/17/12,129,9.25
5/20/12,119,8.39
5/21/12,111,8.25
5/22/12,104,7.45
5/23/12,103,7.07
5/24/12,123,6.65
5/25/12,167,7.55
5/26/12,248,11.5
5/27/12,221,13.6
5/28/12,216,12.2
5/29/12,203,12
5/30/12,203,11.8
5/31/12,191,12.4
6/1/12,181,12.4
6/2/12,165,12.1
6/3/12,155,12
6/4/12,142,11.7
6/5/12,131,11
6/6/12,123,10.5
6/7/12,117,10.3
6/12/12,143,9.42
6/13/12,118,9.8
6/14/12,109,9.57
6/15/12,322,7.7
6/16/12,1630,12.1
6/17/12,1230,15.6
6/18/12,831,14.9
6/19/12,603,14.4
6/20/12,465,13.9
6/21/12,1070,13.1
6/22/12,1120,15.8
6/23/12,771,16.1
6/24/12,587,15.8
6/25/12,473,15.4
6/26/12,400,14.9
6/27/12,345,14.6
6/28/12,297,14.1
6/29/12,252,13.5
6/30/12,228,12.8
7/1/12,205,12.4
7/2/12,183,11.6
7/3/12,164,10.6
7/4/12,146,9.49
7/5/12,129,8.28
7/6/12,115,6.95
7/7/12,102,5.74
7/8/12,88.8,4.84
7/9/12,79.6,4.18
7/10/12,73.3,3.66
7/11/12,68.1,3.03
7/12/12,60,2.27
7/13/12,54.6,2.1
7/14/12,48,1.75
7/15/12,43.4,1.48
7/16/12,38.5,1.13
7/17/12,34.4,0.78
7/18/12,31.6,0.5
7/19/12,29.3,0.32
7/20/12,27.5,0.22
7/21/12,25.8,0.21
7/22/12,24.7,0.39
7/23/12,23,0.37
7/24/12,20.8,0.27
7/25/12,19.1,0.2
7/26/12,19.7,0.19
7/27/12,18.1,0.13
7/28/12,18.3,0.11
7/29/12,22.8,0.24
7/30/12,22.6,0.84
7/31/12,21.3,1.09
8/1/12,17.7,1.47
8/2/12,15.3,1.25
8/3/12,13.6,1.27
8/4/12,13.2,0.75
8/5/12,13.2,0.28
8/6/12,12.8,0.14
8/7/12,12,0.13
8/8/12,12.8,0.13
8/9/12,14.7,0.59
8/10/12,13.3,0.89
8/11/12,12.5,1.22
8/12/12,13.2,1.41
8/13/12,13.7,0.99
8/14/12,13.1,0.43
8/15/12,12.1,0.87
8/16/12,13.1,1.46
8/17/12,12.8,1.66
8/18/12,13.3,2.11
8/19/12,15.2,3.28
8/20/12,13.3,2.65
8/21/12,12,2.22
8/22/12,11.2,1.76
8/23/12,10.8,1.79
8/24/12,10.3,1.7
8/25/12,12.7,1.52
8/26/12,14.8,2.49
8/27/12,13.8,2.92
8/28/12,12.7,2.93
8/29/12,12.7,2.85
8/30/12,11.1,3.13
8/31/12,10.4,3.3
9/1/12,10,3.66
9/2/12,9.78,3.66
9/3/12,9.93,4
9/4/12,10.3,4.04
9/5/12,16.2,2.76
9/6/12,13.9,1.2
9/7/12,13.3,1.48
9/8/12,20.7,3.08
9/9/12,17,5.27
9/10/12,16,7.97
9/11/12,11.4,9.09
9/12/12,9.96,9.48
9/13/12,12.5,8.18
9/14/12,11.4,5.18
9/15/12,10.8,5.16
9/16/12,11,4
9/17/12,11.2,3.09
9/18/12,11.8,3.81
9/19/12,10.1,4.99
9/20/12,8.66,5.98
9/21/12,8.14,7.45
9/22/12,7.81,8.05
9/23/12,7.57,8.46
9/24/12,6.56,7.62
9/25/12,6.53,6.32
9/26/12,6.77,5.62
9/27/12,6.68,5.14
9/28/12,7.04,5.2
9/29/12,7.41,5.53
9/30/12,7.68,5.99
10/1/12,8.41,7
10/2/12,8.65,8
10/3/12,7.18,9.22
10/4/12,6.43,8.72
10/5/12,6.44,7.92
10/6/12,6.62,8.06
10/7/12,8.52,7.93
10/8/12,9.89,8.81
10/9/12,10,8.2
10/10/12,10.3,8.04
10/11/12,9.81,8.46
10/12/12,10.4,8.41
10/13/12,12.9,8.21
10/14/12,13.3,8.86
10/15/12,13.6,10.3
10/16/12,13.7,13
10/17/12,12.7,13.8
10/18/12,11.8,13
10/19/12,21.7,11
10/20/12,19.6,12.6
10/21/12,17.3,11.9
10/22/12,18.6,12.6
10/23/12,15.5,11.2
10/24/12,14.6,9.68
10/25/12,22.9,9.66
10/26/12,20.7,8.79
10/27/12,18.9,9.88
10/28/12,19.6,9.03
10/29/12,19.7,9.05
10/30/12,16.4,9.24
10/31/12,14.5,10.4
11/1/12,14.1,11.7
11/2/12,14.4,11.7
11/3/12,13.7,8.98
11/4/12,14.1,6.43
11/5/12,14.7,5.28
11/6/12,14.7,6.71
11/7/12,13.7,7.52
11/8/12,13.5,7.31
11/9/12,15,7.33
11/10/12,14.5,8.46
11/11/12,17.3,8.88
3/20/13,120,4.48
3/21/13,112,4.25
3/22/13,102,4.55
3/23/13,91.1,4.27
3/24/13,78.5,4.48
3/25/13,66.1,4.43
3/26/13,65.5,4.31
3/27/13,71.8,4.01
3/28/13,161,3.39
4/10/13,425,3.84
4/11/13,798,9.94
4/12/13,681,12.4
4/13/13,562,13.4
4/14/13,429,13.1
4/15/13,452,12.2
4/16/13,398,12.8
4/17/13,324,12.9
4/18/13,481,10.9
4/19/13,1080,15.1
4/20/13,872,18.9
4/21/13,662,19
4/22/13,558,18.1
4/23/13,633,16.5
4/24/13,757,18.1
4/25/13,693,19.3
4/26/13,570,19
4/27/13,492,18.7
4/28/13,436,18.1
4/29/13,402,17.7
4/30/13,368,17.4
5/1/13,352,16.6
5/2/13,409,14.8
5/3/13,920,18.2
5/4/13,1100,22.8
5/5/13,900,23.2
5/6/13,784,22.7
5/7/13,698,22.3
5/8/13,638,22
5/9/13,612,21.5
5/10/13,601,21.5
5/11/13,552,21.8
5/12/13,492,21.7
5/13/13,455,21.5
5/14/13,431,21.2
5/15/13,405,21
5/16/13,373,20.6
5/17/13,373,19.7
5/18/13,380,19.7
5/19/13,492,18.9
5/20/13,1050,21.1
5/21/13,899,23.3
5/22/13,736,24.1
5/23/13,618,24.1
5/24/13,534,23.6
5/25/13,536,22.4
5/26/13,1030,21.9
5/27/13,4950,13.9
5/30/13,6320,15.5
5/31/13,5960,16.6
6/1/13,4150,17.8
6/2/13,3020,18.3
6/3/13,2280,18.8
6/4/13,1840,19.2
6/5/13,1450,19.7
6/6/13,1220,20.2
6/7/13,1010,20.6
6/8/13,905,20.5
6/9/13,1400,20.7
6/10/13,2200,22.8
6/11/13,1760,23.8
6/12/13,1340,23.5
6/13/13,1480,22.5
6/14/13,1110,23
6/15/13,2450,18.2
6/16/13,3520,15.5
6/17/13,3010,16.6
6/18/13,2370,18.2
6/19/13,1710,19.4
6/20/13,1190,20.3
6/21/13,951,21
6/22/13,798,21.5
6/23/13,810,21.4
6/24/13,1080,20.6
6/25/13,1160,20.5
6/26/13,887,21.8
6/27/13,707,22.1
6/28/13,603,22.2
6/29/13,538,22.4
6/30/13,473,22.4
7/1/13,420,22.4
7/2/13,393,22.3
7/3/13,368,22.2
7/4/13,344,22
7/5/13,316,21.9
7/6/13,287,21.6
7/7/13,263,21.3
7/8/13,243,20.9
7/9/13,229,20.2
7/10/13,219,19.9
7/11/13,201,19.4
7/12/13,176,19
7/13/13,161,18.8
7/14/13,153,18.5
7/15/13,145,18
7/16/13,135,17.2
7/17/13,126,16.4
7/18/13,117,15.6
7/19/13,111,14.8
7/20/13,104,14.1
7/21/13,98.4,13.5
7/22/13,92.9,12.9
7/23/13,87.4,12.4
7/24/13,77.3,11.7
7/25/13,72,10.7
7/26/13,68.9,10.2
7/27/13,69.1,9.96
7/28/13,63.9,9.68
7/29/13,59.9,9.13
7/30/13,57.6,8.45
7/31/13,57.5,8.13
8/1/13,54.5,7.89
8/2/13,53,7.61
8/3/13,52.3,7.06
8/4/13,49.6,6.77
8/5/13,46.7,6.5
8/6/13,43.8,6.31
8/7/13,41.5,5.89
8/8/13,39.2,5.12
8/9/13,37.5,4.64
8/10/13,35.7,4.46
8/11/13,34.8,4.1
8/12/13,33.1,3.72
8/13/13,34.1,3.37
8/14/13,32.8,3.35
8/15/13,32.1,2.9
8/16/13,30.8,2.46
8/17/13,29.3,1.79
8/18/13,27.1,1.98
8/19/13,25,1.8
8/20/13,22.6,1.16
8/21/13,22,0.83
8/22/13,21.8,0.78
8/23/13,21.6,0.7
8/24/13,24.7,0.48
8/25/13,26.6,0.88
8/26/13,22.5,1.32
8/27/13,20.9,1.41
8/28/13,20.2,1.08
8/29/13,19.5,0.31
8/30/13,18.6,0.45
8/31/13,18.7,0.37
9/1/13,20.5,0.21
9/2/13,18.9,0.31
9/3/13,17.7,0.82
9/4/13,18,0.91
9/5/13,19.2,1.09
9/6/13,20.4,1.41
9/7/13,18.7,1.61
9/8/13,18.6,1.28
9/9/13,18.5,0.28
9/10/13,17.5,0.41
9/11/13,17,1.31
9/12/13,14,1.89
9/13/13,12.9,2.47
9/14/13,12.9,2.74
9/15/13,12.8,3.11
9/16/13,12.5,3.23
9/17/13,13.9,2.81
9/18/13,15,3.21
9/19/13,15.5,4.14
9/20/13,17.1,5.16
9/21/13,16.5,5.79
9/22/13,14.4,5.6
9/23/13,13.3,5.67
9/24/13,13.2,5.76
9/25/13,13.3,6.13
9/26/13,12.4,6.07
9/27/13,12.2,5.67
9/28/13,15.3,5.14
9/29/13,15.1,5
9/30/13,13.2,4.85
10/1/13,11.9,5.09
10/2/13,11.5,5.07
10/3/13,12.2,4.88
10/4/13,18.1,5.42
10/5/13,23.3,5.31
10/6/13,20.5,6.34
10/7/13,20.5,6.1
10/8/13,19.5,5.52
10/9/13,18.3,5.2
10/10/13,17.2,6.08
10/11/13,15.9,7.52
10/12/13,14.5,8.35
10/13/13,14.5,7.94
10/14/13,17.4,7.17
10/15/13,29.5,5.76
10/16/13,29.8,4.08
10/17/13,40.3,6.11
10/18/13,33.2,8.49
10/19/13,23.6,8.42
10/20/13,21,9.69
10/21/13,17.3,9.26
10/22/13,15.2,6.3
10/23/13,16,4.13
10/24/13,20,3.64
10/25/13,19.7,5.33
10/26/13,18.4,6.48
10/27/13,18.2,8.12
10/28/13,17.3,9.47
10/29/13,19.7,9.55
10/30/13,22.9,10.6
10/31/13,20.4,11
11/1/13,18.9,11.4
11/2/13,17.3,11
11/3/13,18.3,10
11/4/13,16.8,8.74
11/5/13,20.2,6.07
11/6/13,32,6.24
11/7/13,28.4,7.55
11/8/13,33.6,9.75
11/9/13,27.7,9.99
11/10/13,22.3,9.35
11/11/13,19.5,11.1
11/12/13,16,10.7
11/13/13,16.2,8.78
11/14/13,16.8,5.83
11/15/13,19.7,6.04
11/16/13,18.9,7.19
11/17/13,18.8,7.93
11/18/13,20.7,8.46
3/20/14,81.2,4.15
3/21/14,77.3,3.62
3/27/14,58.8,4.83
3/28/14,51.1,5.02
3/29/14,39.8,5.27
3/30/14,38.7,5.48
3/31/14,40.1,4.7
4/1/14,39,4.66
4/2/14,40.8,4.67
4/3/14,36.5,4.23
4/4/14,34.7,3.63
4/5/14,36.2,3.14
4/6/14,33.6,3.02
4/7/14,33.7,3.3
4/8/14,34.6,3.46
4/9/14,33.9,3.97
4/10/14,32.3,3.41
4/11/14,28.5,2.95
4/12/14,26.4,2.58
4/13/14,36.1,2.2
4/14/14,43,2.04
4/15/14,38.9,2.36
4/16/14,36.5,2.86
4/17/14,30.3,3.34
4/18/14,27.4,3.47
4/19/14,26.2,2.89
4/20/14,27,2.68
4/21/14,36.6,2.6
4/22/14,41.7,2.27
4/23/14,47.4,1.56
4/24/14,40.9,1.83
4/25/14,37.1,1.93
4/26/14,46,1.8
4/27/14,51.3,2.4
4/28/14,66.5,2.34
4/29/14,72.7,2.07
4/30/14,80.6,3.33
5/1/14,91.5,3.62
5/2/14,85.1,4.18
5/3/14,79,4.32
5/4/14,69.5,4.34
5/6/14,52.3,3.77
5/7/14,45.7,3.43
5/8/14,48.7,2.49
5/9/14,42.9,2.43
5/10/14,40.6,1.74
5/11/14,43.8,1.92
5/12/14,259,2.7
5/13/14,664,11.8
5/14/14,404,15.1
5/15/14,258,15.1
5/16/14,192,14.3
5/17/14,155,13.5
5/18/14,128,12.6
5/19/14,115,11.5
5/20/14,106,10.5
5/21/14,94.9,9.62
5/22/14,81.4,8.36
5/23/14,72.9,7.12
5/24/14,67.2,6.25
5/25/14,63.2,5.63
5/26/14,61.1,5.16
5/27/14,59.9,4.76
5/28/14,71.3,5.18
5/29/14,58.8,6.18
5/30/14,54,5.87
5/31/14,49.2,5.15
6/1/14,46.8,4.68
6/2/14,65,4.06
6/3/14,313,8.19
6/4/14,377,17.1
6/5/14,303,16.3
6/10/14,129,14
6/11/14,115,13.5
6/12/14,100,13
6/13/14,89.2,12.5
6/14/14,83.1,11.8
6/15/14,190,10.9
6/16/14,1640,14.5
6/17/14,3890,12.2
6/18/14,5880,9.5
6/19/14,6130,7.53
6/20/14,6400,8.24
6/21/14,4730,9.09
6/22/14,3740,9.23
6/23/14,3700,11.2
6/24/14,3070,12.4
6/25/14,2580,12
6/26/14,2130,12
6/27/14,1640,12.6
6/28/14,1290,13.5
6/29/14,1120,14.2
6/30/14,3090,11.4
7/1/14,5630,11.5
7/2/14,3470,15.3
7/3/14,2360,16.6
7/4/14,1700,17.2
7/5/14,1360,17.5
7/6/14,1180,17.7
7/7/14,1000,17.9
7/8/14,838,17.8
7/9/14,709,17.8
7/10/14,601,17.6
7/11/14,531,17.5
7/12/14,525,16.5
7/13/14,525,16.8
7/14/14,513,17.4
7/15/14,458,18.1
7/16/14,405,17.7
7/17/14,369,17.5
7/18/14,337,17.2
7/19/14,316,16.7
7/20/14,306,16.2
7/21/14,280,15.7
7/22/14,254,15
7/23/14,231,14.2
7/24/14,194,13.2
7/25/14,195,12.4
7/26/14,191,12.1
7/27/14,172,11.9
7/28/14,151,11.4
7/29/14,137,10.9
7/30/14,124,10.3
7/31/14,111,9.38
8/1/14,102,8.88
8/2/14,93.8,8.25
8/3/14,86.4,7.48
8/4/14,80.5,6.59
8/5/14,76,5.86
8/6/14,126,4.84
8/7/14,164,5.69
8/8/14,166,7.65
8/9/14,136,7.74
8/10/14,115,8.34
8/11/14,105,8.5
8/12/14,96.6,8.45
8/13/14,83.3,8.12
8/14/14,71.9,7.61
8/15/14,70.8,7.02
8/16/14,116,6.17
8/17/14,125,7.84
8/18/14,96.4,7.3
8/19/14,78.5,7.34
8/20/14,79.3,6.72
8/21/14,69,6.55
8/22/14,69.5,6.36
8/23/14,79.2,5.63
8/24/14,105,5.83
8/25/14,117,7.66
8/26/14,122,8.39
8/27/14,95.2,9.18
8/28/14,99.4,8.95
8/29/14,402,10.5
8/30/14,863,10.2
8/31/14,740,12.2
9/1/14,1020,12.6
9/2/14,1160,14
9/3/14,908,15.7
9/4/14,724,16.1
9/5/14,641,15.4
9/6/14,574,16.3
9/7/14,492,16.7
9/8/14,452,16.3
9/9/14,626,16.6
9/10/14,638,17.7
9/11/14,599,18.3
9/12/14,556,18.1
9/13/14,588,18.4
9/14/14,563,18.9
9/15/14,502,19
9/16/14,446,18.9
9/17/14,414,18.7
9/18/14,385,18.6
9/19/14,357,18.3
9/20/14,395,17.3
9/21/14,684,17
9/22/14,606,18.1
9/23/14,518,18.6
9/24/14,479,18.5
9/25/14,457,18.4
9/26/14,433,18.4
9/27/14,412,18.3
9/28/14,393,18.2
9/29/14,382,18
9/30/14,397,17.6
10/1/14,688,16.9
10/2/14,841,18.3
10/3/14,788,19.1
10/4/14,735,18.8
10/5/14,682,19.2
10/6/14,611,19.3
10/7/14,553,19.1
10/8/14,498,18.9
10/9/14,460,18.6
10/10/14,433,18.6
10/11/14,413,18.5
10/12/14,406,18.5
10/13/14,406,18.4
10/14/14,396,18.1
10/15/14,370,17.9
10/16/14,353,17.8
10/17/14,344,18.2
10/18/14,320,18.1
10/19/14,302,17.8
10/20/14,302,17.9
10/21/14,287,18
10/22/14,283,17.8
10/23/14,299,16.4
10/24/14,319,16.6
10/25/14,343,16.5
10/26/14,337,16.2
10/27/14,330,16.6
10/28/14,315,17.2
10/29/14,285,17
10/30/14,271,16.9
10/31/14,258,17.1
11/1/14,246,17.1
11/2/14,252,17.1
11/3/14,260,17.5
11/4/14,250,17.6
11/5/14,233,17.4
11/6/14,224,17.1
11/7/14,217,17
11/8/14,222,17.1
11/9/14,217,17.1
11/10/14,218,17.3
11/11/14,206,17.3
11/12/14,136,17.5
11/14/14,127,18.5
11/15/14,160,18.2
11/16/14,122,17.9
11/17/14,130,18.1
11/18/14,113,18.7
11/19/14,153,19.1
11/20/14,148,19.1
11/21/14,138,18.8
11/22/14,144,17.8
11/23/14,183,16.5
11/24/14,210,15.8
11/25/14,140,16
11/26/14,156,16.5
11/27/14,135,16.7
11/28/14,148,18.1
11/29/14,183,16.9
11/30/14,167,16.8
12/1/14,96.4,17.1
12/2/14,107,17.6
12/3/14,119,17.3
12/4/14,123,17
12/5/14,132,16.3
12/6/14,136,15.5
12/7/14,132,14.8
12/8/14,132,14.4
12/9/14,153,14.2
12/10/14,146,14.4
12/11/14,128,14.7
12/12/14,123,14.5
12/13/14,141,14
12/14/14,155,13.3
12/16/14,192,13.4
12/17/14,146,15
12/18/14,190,16.3
12/19/14,184,16.6
12/20/14,181,17
12/21/14,187,16.8
12/22/14,210,16.7
12/23/14,235,16.4
12/24/14,244,16.6
12/25/14,220,17.4
12/26/14,197,18.2
12/27/14,185,18.4
12/28/14,147,19
12/29/14,152,19.5
12/30/14,119,20.4
12/31/14,121,21.6
1/1/15,130,21.2
1/2/15,160,20.6
1/3/15,173,19.6
1/4/15,137,19.2
1/5/15,143,19.6
1/6/15,142,19.3
1/7/15,129,19.2
1/8/15,142,18.9
1/9/15,135,18.9
1/10/15,121,18.7
1/11/15,136,18.5
1/12/15,129,18.5
1/13/15,116,18.4
1/14/15,131,18.2
1/15/15,140,17.8
1/16/15,145,17.4
1/17/15,148,17
1/18/15,139,16.6
1/19/15,143,16.1
1/20/15,150,15.6
1/21/15,157,15
1/22/15,156,14.6
1/23/15,150,14.5
1/24/15,150,14.7
1/25/15,157,14.7
1/26/15,164,14.3
1/27/15,166,13.9
1/28/15,155,13.3
1/29/15,148,13.4
1/30/15,126,14
1/31/15,134,14.6
2/1/15,130,14.9
2/2/15,104,15.2
2/3/15,118,16
2/4/15,110,16.7
2/5/15,85.2,17
2/6/15,101,16.9
2/7/15,130,16.3
2/8/15,148,15.7
2/9/15,142,14.9
2/10/15,144,14.1
2/11/15,134,13.7
2/12/15,110,13.9
2/13/15,116,14.4
2/14/15,105,14.5
2/15/15,102,15.1
2/16/15,109,15.3
2/17/15,105,15.1
2/18/15,97.2,15.5
2/19/15,73.3,16
2/20/15,61.4,15.6
2/21/15,68,15.2
2/22/15,64,15.3
2/23/15,60.1,15.5
2/24/15,61.4,14.9
2/25/15,65.4,14.4
2/26/15,58.7,14.5
2/27/15,44.2,14.6
2/28/15,46.8,14.2
3/1/15,52.1,14.3
3/2/15,45,14.5
3/3/15,43.9,14
3/4/15,41.4,13.7
3/5/15,36.3,13.6
3/6/15,44.7,13.4
3/7/15,89,12
3/8/15,216,9.63
3/9/15,439,7.73
3/10/15,558,6.46
3/11/15,439,6.57
3/12/15,368,6.84
3/13/15,344,7.42
3/14/15,250,8.38
3/15/15,207,8.34
3/16/15,189,8.56
3/17/15,170,8.97
3/18/15,147,8.98
3/19/15,144,9.16
3/20/15,145,9.89
3/21/15,142,9.97
3/22/15,135,10.2
3/23/15,132,10.3
3/24/15,140,10.2
3/25/15,206,9.88
3/26/15,245,11.9
3/27/15,227,12.6
3/28/15,219,13
3/29/15,213,13.4
3/30/15,208,13.5
3/31/15,201,13.6
4/1/15,199,13.3
4/2/15,282,12.7
4/3/15,427,14.5
4/4/15,423,15.7
4/5/15,385,16.5
4/6/15,357,16.8
4/7/15,327,16.6
4/8/15,311,16.3
4/9/15,385,15.9
4/10/15,1450,16.6
4/11/15,1960,19.4
4/12/15,1490,19.6
4/13/15,1230,19
4/14/15,1150,18.6
4/15/15,1000,18.8
4/16/15,870,18.6
4/17/15,767,18.5
4/18/15,715,18.1
4/19/15,920,17.2
4/20/15,1780,18.4
4/21/15,1690,19.6
4/22/15,1290,19.5
4/23/15,1040,19.2
4/24/15,932,18.9
4/25/15,866,18.9
4/26/15,760,18.7
4/27/15,680,18.4
4/28/15,630,18.2
4/29/15,598,18.3
4/30/15,563,18.2
5/1/15,529,18.1
5/2/15,508,18
5/3/15,489,17.8
5/4/15,475,17.6
5/5/15,464,17.1
5/6/15,471,17.2
5/7/15,524,17.5
5/8/15,735,17.5
5/9/15,920,18.8
5/10/15,802,19.1
5/11/15,740,18.8
5/12/15,680,18.6
5/13/15,592,18.4
5/14/15,625,17.7
5/15/15,1140,18.7
5/16/15,1390,20.3
5/17/15,1410,19.8
5/18/15,1760,20.5
5/19/15,1430,20.5
5/20/15,1160,20.2
5/21/15,1030,19.8
5/22/15,949,19.7
5/23/15,863,19.7
5/24/15,843,19.3
5/25/15,955,19.2
5/26/15,1110,19.8
5/27/15,1610,20.7
5/28/15,1640,21.8
5/29/15,1350,21.3
5/30/15,1150,21
5/31/15,1030,20.8
6/1/15,928,20.6
6/2/15,854,20.5
6/3/15,800,20.4
6/4/15,741,20.2
6/5/15,673,20
6/6/15,632,19.9
6/7/15,861,19.6
6/8/15,2060,21.8
6/9/15,1910,22.9
6/10/15,1480,22.8
6/11/15,1530,21.2
6/12/15,2500,22.8
6/13/15,2210,23.6
6/14/15,1840,23.3
6/15/15,1780,21.9
6/16/15,1900,22.3
6/17/15,1790,23.1
6/18/15,1450,22.9
6/19/15,1230,22.5
6/20/15,1080,22.3
6/21/15,970,22.1
6/22/15,890,21.7
6/23/15,913,21.5
6/24/15,923,21.1
6/25/15,882,21.4
6/26/15,807,21.2
6/27/15,770,20.9
6/28/15,728,20.8
6/29/15,664,20.7
6/30/15,600,20.4
7/1/15,557,20.2
7/2/15,517,20.1
7/3/15,478,20
7/4/15,445,19.8
7/5/15,415,19.5
7/6/15,462,17.9
7/7/15,500,18.2
7/8/15,478,18.8
7/9/15,433,19.4
7/10/15,391,19.2
7/11/15,385,18.1
7/12/15,394,17.7
7/13/15,347,17.8
7/14/15,304,17.1
7/15/15,268,16.4
7/16/15,337,14.2
7/17/15,710,15.6
7/18/15,643,18.5
7/19/15,461,18.7
7/20/15,366,17.9
7/21/15,322,17.2
7/22/15,283,16.3
7/23/15,249,15.8
7/24/15,219,15.5
7/25/15,190,14.7
7/26/15,189,12.8
7/27/15,170,12.4
7/28/15,186,11.5
7/29/15,195,11.1
7/30/15,181,11.4
7/31/15,157,11.3
8/1/15,137,11
8/2/15,126,10.4
8/3/15,117,9.35
8/4/15,108,8.25
8/5/15,102,7.45
8/6/15,95.2,6.83
8/7/15,87.6,6.3
8/8/15,82.6,5.75
8/9/15,77.5,5.08
8/10/15,76.2,4.25
8/11/15,71.9,3.58
8/12/15,62.2,3.17
8/13/15,55.7,2.83
8/14/15,50.7,2.32
8/15/15,46.1,1.87
8/16/15,42.8,1.56
8/17/15,107,1.57
8/18/15,958,6.13
8/19/15,1830,13.7
8/20/15,1640,15.9
8/21/15,1120,16.7
8/22/15,906,16.1
8/23/15,874,15.7
8/24/15,843,16.6
8/25/15,617,16.7
8/26/15,482,16.3
8/27/15,403,15.7
8/28/15,960,12.6
8/29/15,3360,12.2
8/30/15,3160,13.8
8/31/15,2650,14.9
9/1/15,1870,15.3
9/2/15,1370,15.4
9/3/15,1090,15.4
9/4/15,881,15.2
9/5/15,740,14.9
9/6/15,646,14.7
9/7/15,573,14.2
9/8/15,573,13.7
9/9/15,675,14.3
9/10/15,624,14.8
9/11/15,682,15.5
9/12/15,618,15.9
9/13/15,550,15.8
9/14/15,503,15.6
9/15/15,460,15.3
9/16/15,418,14.9
9/17/15,393,14.5
9/18/15,381,14.3
9/19/15,369,14.4
9/20/15,353,14.5
9/21/15,345,14.6
9/22/15,331,14.6
9/23/15,323,14.4
9/24/15,600,13.4
9/25/15,982,15.3
9/26/15,832,16.9
9/27/15,719,17.2
9/28/15,648,17.1
9/29/15,657,16.3
9/30/15,643,16.9
10/1/15,599,17.3
10/2/15,555,17.5
10/3/15,525,17.5
10/4/15,498,17.4
10/5/15,470,17.3
10/6/15,450,17.1
10/7/15,431,16.8
10/8/15,415,16.8
10/9/15,397,16.9
10/10/15,376,16.8
10/11/15,377,16.8
10/12/15,369,17
10/13/15,343,16.8
10/14/15,319,16.4
10/15/15,306,16.4
10/16/15,293,16.3
10/17/15,280,16.3
10/18/15,278,16.1
10/19/15,281,16.2
10/20/15,279,16.3
10/21/15,261,16.3
10/22/15,242,15.9
10/23/15,262,15.1
10/24/15,362,15.3
10/25/15,420,16.1
10/26/15,383,16.7
10/27/15,379,16.9
10/29/15,675,17.5
10/30/15,596,18.2
10/31/15,560,18
11/1/15,605,17.9
11/2/15,596,18
11/3/15,556,18.1
11/4/15,523,17.9
11/5/15,502,17.9
11/6/15,475,17.8
11/7/15,430,17.6
11/8/15,409,17.3
11/9/15,402,17.3
11/10/15,392,17.5
11/11/15,440,16.8
11/12/15,1610,15.5
11/13/15,2230,17.4
11/14/15,1720,18.3
11/15/15,1330,18.1
11/16/15,1130,17.9
11/17/15,1400,17.3
11/18/15,3060,16.2
11/19/15,3410,15.9
11/20/15,2860,16.8
11/21/15,2340,16.9
11/22/15,1850,17
11/23/15,1600,16.9
11/24/15,1420,16.8
11/25/15,1380,16.8
11/26/15,1900,16.7
11/27/15,2340,16.7
11/28/15,1910,17.3
11/29/15,1560,17.4
11/30/15,1400,17
12/1/15,1320,16.5
12/2/15,1220,16.5
12/3/15,1130,16.4
12/4/15,1080,16.3
12/5/15,1040,16.4
12/6/15,1100,16.2
12/7/15,1330,16.4
12/8/15,1520,16.6
12/9/15,1580,16.8
12/10/15,1620,17
12/11/15,1540,17.2
12/12/15,1360,17
12/13/15,1560,16.3
12/14/15,4930,12.2
12/15/15,7650,8.42
12/16/15,6310,10.1
12/17/15,5210,12.3
12/18/15,4140,13.2
12/19/15,3250,14
12/20/15,2530,14.4
12/21/15,2200,14.1
12/22/15,1930,14.2
12/23/15,1770,14.3
12/24/15,1710,14.2
12/25/15,1520,14.3
12/26/15,1400,14.3
12/27/15,1280,14.6
12/28/15,1180,14.7
12/29/15,1150,14.9
12/30/15,1040,14.9
12/31/15,976,15
1/1/16,931,15
1/2/16,894,15.1
1/3/16,852,15.2
1/4/16,800,15.1
1/5/16,775,15.1
1/6/16,750,15.1
1/7/16,787,14.2
1/8/16,767,14.1
1/9/16,581,14.2
1/10/16,414,15
1/11/16,580,15.2
1/12/16,533,15.3
1/13/16,559,15.1
1/14/16,592,14.6
1/15/16,565,14.5
1/16/16,542,14.7
1/17/16,536,15.2
1/18/16,550,15.7
1/19/16,589,15.7
1/20/16,621,15.2
1/21/16,580,14.7
1/22/16,533,14.6
1/23/16,539,14.5
1/24/16,533,14.5
1/25/16,550,14.5
1/26/16,510,14.4
1/27/16,492,14.2
1/28/16,492,14.2
1/29/16,482,14.3
1/30/16,477,14.2
1/31/16,473,14
2/1/16,480,13.6
2/2/16,471,13.4
2/3/16,376,13.2
2/4/16,349,13.6
2/5/16,352,13.9
2/6/16,382,14.3
2/7/16,385,13.9
2/8/16,342,14.1
2/9/16,297,14.7
2/10/16,266,15.3
2/11/16,233,15
2/12/16,260,14.8
2/13/16,230,14.7
2/14/16,254,14.5
2/15/16,291,14.3
2/16/16,321,13.9
2/17/16,297,13.4
2/18/16,361,12.9
2/19/16,775,11.8
2/20/16,3470,7.17
2/21/16,3760,8.4
2/22/16,3320,9.83
2/23/16,2620,11
2/24/16,2150,11.6
2/25/16,1810,12.2
2/26/16,1520,12.4
2/27/16,1450,12.4
2/28/16,1650,12.1
2/29/16,1570,12
3/1/16,1300,12.5
3/2/16,1120,12.9
3/3/16,1030,13.2
3/4/16,951,13.3
3/5/16,914,13.3
3/6/16,902,13.2
3/7/16,980,12.9
3/8/16,1010,12.6
3/9/16,977,12.8
3/10/16,904,13.4
3/11/16,822,13.7
3/12/16,773,13.8
3/13/16,762,13.8
3/14/16,751,13.7
3/15/16,728,13.6
3/16/16,694,13.6
3/17/16,658,13.5
3/18/16,624,13.6
3/19/16,589,13.6
3/20/16,566,13.7
3/21/16,550,13.6
3/22/16,561,13.7
3/23/16,552,13.8
3/24/16,596,13
3/25/16,659,13
3/26/16,883,13.3
3/27/16,1370,14.2
3/28/16,1540,15
3/29/16,1300,14.8
3/30/16,1160,14.4
3/31/16,1250,14
4/1/16,1650,14
4/2/16,2140,14.8
4/3/16,1730,15.1
4/4/16,1390,14.9
4/5/16,1190,14.7
4/6/16,1110,14.8
4/7/16,1020,14.6
4/8/16,925,14.5
4/9/16,862,14.4
4/10/16,833,14.5
4/11/16,785,14.7
4/12/16,724,14.4
4/13/16,701,14.4
4/14/16,684,14.7
4/15/16,662,14.6
4/16/16,642,14.5
4/17/16,617,14.4
4/18/16,610,14.1
4/19/16,644,13.9
4/20/16,824,13.3
4/21/16,2070,15
4/22/16,2050,16
4/23/16,1620,15.7
4/24/16,1430,15.4
4/25/16,1520,14.9
4/26/16,2080,15.6
4/27/16,2140,15.5
4/28/16,3650,15.4
4/29/16,3970,15
4/30/16,4160,14.8
5/1/16,5490,14.1
5/2/16,5090,14
5/3/16,4370,14.6
5/4/16,3690,14.8
5/5/16,3000,14.8
5/6/16,2450,14.8
5/7/16,2100,14.9
5/8/16,1860,14.9
5/9/16,1750,14.8
5/10/16,2590,14.9
5/11/16,2790,15.9
5/12/16,2420,15.8
5/13/16,2140,15.8
5/14/16,1850,15.8
5/15/16,1630,15.7
5/16/16,1480,15.7
5/17/16,1360,15.7
5/18/16,1260,15.7
5/19/16,1190,15.8
5/20/16,1130,15.9
5/21/16,1060,15.9
5/22/16,1010,15.9
5/23/16,979,15.9
5/24/16,950,15.8
5/25/16,913,15.6
5/26/16,919,15.2
5/27/16,893,15.4
5/28/16,862,15.5
5/29/16,831,15.5
5/30/16,795,15.5
5/31/16,834,15.4
6/1/16,1390,16.3
6/2/16,1230,17
6/3/16,1040,16.8
6/4/16,945,16.8
6/5/16,869,16.7
6/6/16,801,16.6
6/7/16,743,16.6
6/8/16,698,16.6
6/9/16,668,16.6
6/10/16,639,16.7
6/11/16,602,16.5
6/12/16,573,16.3
6/13/16,549,16.2
6/14/16,566,15.9
6/15/16,728,15.6
6/16/16,859,16.8
6/17/16,719,17
6/18/16,630,16.8
6/19/16,573,16.4
6/20/16,530,16.2
6/21/16,491,16
6/22/16,463,15.7
6/23/16,437,15.6
6/24/16,405,15.3
6/25/16,382,14.8
6/26/16,360,14.7
6/27/16,331,14.5
6/28/16,307,14.2
6/29/16,304,13.3
6/30/16,293,13
7/1/16,278,12.7
7/2/16,257,12.6
7/3/16,241,12.2
7/4/16,229,12
7/5/16,220,11.6
7/6/16,214,10.8
7/7/16,222,9.4
7/8/16,213,9.12
7/9/16,192,9.09
7/10/16,179,8.36
7/11/16,175,7.91
7/12/16,195,7.26
7/13/16,249,7.77
7/14/16,197,7.8
7/15/16,172,7.84
7/16/16,156,7.54
7/17/16,178,6.38
7/18/16,226,6.65
7/19/16,297,6.82
7/20/16,1290,9.43
7/21/16,864,11.1
7/22/16,551,10.9
7/23/16,415,10.3
7/24/16,357,9.93
7/25/16,295,9.5
7/26/16,242,9.11
7/27/16,206,9.05
7/28/16,177,8.93
7/29/16,153,7.96
7/30/16,134,7.42
7/31/16,117,6.91
8/1/16,110,6.26
8/2/16,105,5.6
8/3/16,99.2,5.15
8/4/16,91.3,5.01
8/5/16,91.8,4.51
8/6/16,91.6,3.86
8/7/16,91.8,3.45
8/8/16,92.2,3.36
8/9/16,91.5,2.89
8/10/16,90.9,2.38
8/11/16,93.8,1.94
8/12/16,217,2.63
8/13/16,358,7.07
8/14/16,226,8.02
8/15/16,181,7.93
8/16/16,143,7.9
8/17/16,122,7.47
8/18/16,105,6.96
8/19/16,101,6.16
8/20/16,156,5.12
8/21/16,151,7.26
8/22/16,113,7.34
8/23/16,94.4,6.93
8/24/16,104,6.13
8/25/16,197,7.54
8/26/16,140,8.14
8/27/16,114,8.25
8/28/16,102,8.06
8/29/16,92.2,7.74
8/30/16,96.7,7.23
8/31/16,110,6.46
9/1/16,127,7.17
9/2/16,106,5.75
9/3/16,96.9,5.78
9/4/16,97.6,5.64
9/5/16,96.8,5.01
9/6/16,98.1,4.8
9/7/16,107,4.69
9/8/16,953,6.22
9/9/16,899,8.12
9/10/16,913,8.63
9/11/16,895,9.45
9/12/16,658,9.58
9/13/16,524,9.25
9/14/16,417,9.32
9/15/16,376,9.3
9/16/16,2410,6.42
9/17/16,4810,5.01
9/18/16,4800,4.8
9/19/16,4470,5.2
9/20/16,3540,5.41
9/21/16,2720,5.59
9/22/16,2020,5.82
9/23/16,1610,6.05
9/24/16,1430,6.28
9/25/16,1430,6.85
9/26/16,1870,8.46
9/27/16,1620,9.23
9/28/16,1360,9.12
9/29/16,1180,8.9
9/30/16,1070,8.82
10/1/16,1010,8.89
10/2/16,955,8.86
10/3/16,890,8.89
10/4/16,868,8.91
10/5/16,1930,8.95
10/6/16,2930,8.79
10/7/16,2890,8.86
10/8/16,3000,8.51
10/9/16,2700,8.8
10/10/16,2210,8.98
10/11/16,1760,9.17
10/12/16,1520,9.31
10/13/16,1330,9.39
10/14/16,1210,9.65
10/15/16,1130,9.76
10/16/16,1050,9.78
10/17/16,989,9.73
10/18/16,933,9.81
10/19/16,846,9.8
10/20/16,790,9.8
10/21/16,753,9.88
10/22/16,731,9.98
10/23/16,695,10.1
10/24/16,646,10
10/25/16,610,9.92
10/26/16,605,10.1
10/27/16,618,10.1
10/28/16,614,10
10/29/16,598,10
10/30/16,549,9.99
10/31/16,522,9.86
11/1/16,524,10
11/2/16,479,10.1
11/3/16,446,9.91
11/4/16,428,9.85
11/5/16,419,9.83
11/6/16,410,9.8
11/7/16,393,9.77
11/8/16,379,9.84
11/9/16,363,9.79
11/10/16,357,9.55
11/11/16,347,9.75
11/12/16,320,9.73
11/13/16,318,9.64
11/14/16,314,9.79
11/15/16,292,9.79
11/16/16,284,9.66
11/17/16,285,9.51
11/18/16,278,9.53
11/19/16,267,9.66
11/20/16,243,9.16
11/21/16,244,9.27
11/22/16,254,9.48
11/23/16,293,9.51
11/24/16,374,9.54
11/25/16,355,9.59
11/26/16,334,9.69
11/27/16,335,9.76
11/28/16,356,9.82
11/29/16,379,9.97
11/30/16,355,9.81
12/1/16,335,9.64
12/2/16,312,9.53
12/3/16,295,9.53
12/4/16,298,9.45
12/5/16,310,9.65
12/6/16,302,9.72
12/7/16,234,10.2
12/8/16,224,10.3
12/9/16,195,10.6
12/10/16,175,10.9
12/11/16,176,10.6
12/12/16,229,10.2
12/13/16,250,10.2
12/14/16,248,10.6
12/15/16,220,10.8
12/16/16,257,10.8
12/17/16,234,10.7
12/18/16,198,10.6
12/19/16,211,10.5
12/20/16,218,10.4
12/21/16,236,9.97
12/22/16,251,9.61
12/23/16,262,9.34
12/24/16,238,9.17
12/25/16,269,8.98
12/26/16,657,7.95
12/27/16,854,8.11
12/28/16,943,8.64
12/29/16,830,8.82
12/30/16,702,8.92
12/31/16,643,8.89
1/1/17,574,9.01
1/2/17,531,8.83
1/3/17,495,8.67
1/4/17,326,8.98
1/5/17,311,9.9
1/6/17,291,10.8
1/7/17,299,10.6
1/8/17,275,10.3
1/9/17,279,9.96
1/10/17,297,9.56
1/11/17,290,9.5
1/12/17,261,9.46
1/13/17,280,9.39
1/14/17,266,9.44
1/15/17,265,9.43
1/16/17,297,9.11
1/17/17,349,8
1/18/17,406,7.28
1/19/17,593,6.08
1/20/17,851,5.31
1/21/17,929,5.51
1/22/17,934,6.15
1/23/17,794,6.39
1/24/17,640,6.68
1/25/17,530,6.86
1/26/17,444,6.97
1/27/17,386,6.76
1/28/17,341,7.04
1/29/17,301,7.38
1/30/17,289,7.41
1/31/17,306,6.99
2/1/17,318,6.97
2/2/17,239,7.09
2/3/17,197,7.47
2/4/17,245,8.2
2/5/17,192,8.54
2/6/17,227,8.34
2/7/17,303,7.64
2/8/17,235,7.16
2/9/17,186,7.06
2/10/17,252,7.83
2/11/17,412,7.66
2/12/17,858,5.34
2/13/17,1060,4.23
2/14/17,907,4.73
2/15/17,658,5.22
2/16/17,573,5.81
2/17/17,580,6.46
2/18/17,671,6.99
2/19/17,690,7.38
2/20/17,721,7.61
2/21/17,1040,9.34
2/22/17,994,10.3
2/23/17,877,10
2/24/17,788,9.48
2/25/17,678,9.67
2/26/17,765,9.9
2/27/17,696,9.79
2/28/17,625,9.72
3/1/17,652,9.66
3/2/17,743,9.84
3/3/17,744,10.2
3/4/17,706,10.3
3/5/17,841,10.7
3/9/17,1220,12.2
3/10/17,1020,12.4
3/11/17,881,11.7
3/12/17,787,11.5
3/13/17,727,11.3
3/14/17,658,10.9
3/15/17,602,10.6
3/16/17,574,10.5
3/17/17,589,10.6
3/18/17,637,10.5
3/19/17,655,10.1
3/20/17,675,10.4
3/21/17,640,10.4
3/22/17,592,9.93
3/23/17,564,9.95
3/24/17,570,10.1
3/25/17,562,9.86
3/26/17,567,9.86
3/27/17,561,9.9
3/28/17,538,9.88
3/29/17,552,9.6
3/30/17,862,10.7
3/31/17,1050,11.8
4/1/17,946,11.5
4/2/17,866,11.3
4/3/17,823,11
4/4/17,776,10.9
4/5/17,749,10.6
4/6/17,715,10.4
4/7/17,663,10.3
4/8/17,642,10.3
4/9/17,621,10.4
4/10/17,581,10.2
4/11/17,532,10
4/12/17,508,9.85
4/13/17,504,9.87
4/14/17,506,9.85
4/15/17,561,9.71
4/16/17,721,10.5
4/17/17,672,10.5
4/18/17,635,10.4
4/19/17,660,10.5
4/20/17,1090,11.7
4/21/17,1300,11.8
4/22/17,1080,11.8
4/23/17,937,11.6
4/24/17,859,11.5
4/25/17,799,11.4
4/26/17,739,11.3
4/27/17,684,11
4/28/17,635,10.9
4/29/17,587,10.9
4/30/17,622,10.6
5/1/17,1690,12.4
5/2/17,2370,14
5/3/17,1880,13.4
5/4/17,1520,12.8
5/5/17,1320,12.5
5/6/17,1190,12.3
5/7/17,1080,12.2
5/8/17,1020,12
5/9/17,971,11.9
5/10/17,934,11.5
5/11/17,896,11.6
5/12/17,846,11.6
5/13/17,815,11.6
5/14/17,785,11.7
5/15/17,753,11.6
5/16/17,749,11.3
5/17/17,1650,13.4
5/18/17,2570,16.3
5/19/17,2210,14.9
5/20/17,3580,15.6
5/21/17,5010,17.8
5/22/17,4190,17.8
5/23/17,3510,17.3
5/24/17,2780,16
5/25/17,2220,15.1
5/26/17,1860,14.5
5/27/17,1620,14.3
5/28/17,1440,14.3
5/29/17,1290,14.4
5/30/17,1170,14.4
5/31/17,1070,14.4
6/1/17,991,14.3
6/2/17,924,14.3
6/3/17,864,14.5
6/4/17,809,14.5
6/5/17,758,14.5
6/6/17,703,14.6
6/7/17,658,14.6
6/8/17,625,14.6
6/9/17,600,14.6
6/10/17,568,14.6
6/11/17,530,14.4
6/12/17,494,14.2
6/13/17,471,14.1
6/14/17,463,13.8
6/15/17,442,13.6
6/16/17,419,13.4
6/17/17,429,13.2
6/18/17,403,13.4
6/19/17,375,13.1
6/20/17,352,12.9
6/21/17,342,12.7
6/22/17,352,12.6
6/23/17,336,12.5
6/24/17,306,12.6
6/25/17,284,12.9
6/26/17,271,12.6
6/27/17,261,12.3
6/28/17,260,11.8
6/29/17,269,11.5
6/30/17,325,11.3
7/1/17,310,12
7/2/17,264,12
7/3/17,249,11.4
7/4/17,237,10.2
7/5/17,208,10.8
7/6/17,192,10.4
7/7/17,180,9.93
7/8/17,166,9.49
7/10/17,144,7.96
7/11/17,137,7.91
7/12/17,133,7.72
7/13/17,127,7.7
7/14/17,117,7.38
7/15/17,110,7.01
7/16/17,103,6.46
7/17/17,95.6,5.94
7/18/17,88,5.31
7/19/17,82,4.39
7/20/17,74.3,3.82
7/21/17,71.9,3.48
7/22/17,69.8,3.47
7/23/17,63.6,3.6
7/24/17,56.8,3.71
7/25/17,50.7,3.25
7/26/17,55.7,2.6
7/27/17,58.2,2.3
7/28/17,56.1,2.97
7/29/17,46.9,3.24
7/30/17,43.1,2.67
7/31/17,39.6,2.27
8/1/17,37.8,2.75
8/2/17,36.7,2.6
8/3/17,42.5,2.29
8/4/17,37.3,2.3
8/5/17,35.2,2.9
8/6/17,34.9,3.34
8/7/17,35.8,3.7
8/8/17,33.9,3.78
8/9/17,32.5,3.88
8/10/17,32.2,4.09
8/11/17,30.1,3.86
8/12/17,29.8,4.16
8/13/17,29.1,4.3
8/14/17,29.3,3.72
8/15/17,32.3,3.37
8/16/17,43.4,3.83
8/17/17,47.9,4.29
8/18/17,46,5.93
8/19/17,37.8,6.31
8/20/17,31.7,5.41
8/21/17,55.8,3.32
8/22/17,78.8,3.4
8/23/17,85.7,6.19
8/24/17,60,3.25
8/25/17,45.3,3.46
8/26/17,40.4,3.5
8/27/17,38.9,4.21
8/28/17,39.8,4.87
8/29/17,37.8,4.54
8/30/17,33.8,5.52
8/31/17,31.6,4.3
9/1/17,30.3,4.22
9/2/17,30.1,4.78
9/3/17,29.6,5.07
9/4/17,28.1,4.72
9/5/17,26.9,4.04
9/6/17,24,3.99
9/7/17,22.3,5.89
9/8/17,22.5,5.83
9/9/17,21.5,5.7
9/10/17,21.3,5.58
9/11/17,21.1,5.78
9/12/17,19.7,5.76
9/13/17,20.1,5.39
9/14/17,20.5,4.84
9/15/17,20.3,4.38
9/16/17,22.9,3.83
9/17/17,23.2,3.88
9/18/17,25.5,4.59
9/19/17,29,4.97
9/20/17,26.2,5.09
9/21/17,24.3,5.95
9/22/17,22.2,6.3
9/23/17,21.1,6
9/24/17,20.3,5.74
9/25/17,28.5,5.22
9/26/17,36.9,4.56
9/27/17,39.9,5.11
9/28/17,36.7,6.05
9/29/17,29.2,7.17
9/30/17,24.6,7.3
10/1/17,27.9,5.27
10/2/17,35.1,4.93
10/3/17,36.8,5.63
10/4/17,41.9,7.15
10/5/17,36.7,8.54
10/6/17,52.5,7.37
10/7/17,223,4.44
10/8/17,478,6.08
10/9/17,305,6.46
10/10/17,218,6.99
10/11/17,222,7.63
10/12/17,195,7.97
10/13/17,168,7.89
10/14/17,150,7.95
10/15/17,137,8.02
10/16/17,124,8.12
10/17/17,116,7.95
10/18/17,111,7.98
10/19/17,105,8.04
10/20/17,99.4,7.85
10/21/17,137,7.11
10/22/17,285,7.98
10/23/17,250,8.33
10/24/17,206,8.53
10/25/17,178,8.78
10/26/17,164,8.76
10/27/17,145,8.78
10/28/17,133,8.75
10/29/17,126,8.83
10/30/17,123,8.64
10/31/17,114,8.56
11/1/17,109,8.56
11/2/17,109,8.74
11/3/17,101,8.7
11/4/17,96.8,8.5
11/5/17,97.9,8.39
11/6/17,94.2,8.49
11/7/17,89.1,8.07
11/8/17,85.7,7.76
11/9/17,85.6,8.01
11/10/17,72.1,8.28
11/11/17,81.5,8.15
11/12/17,88.5,8.28
11/13/17,80.6,8.79
11/14/17,80.5,8.12
11/15/17,83,6.99
11/16/17,79.4,7.02
11/17/17,78.5,7.29
11/18/17,83.5,7.06
11/19/17,76.2,7.26
11/20/17,76.2,7.63
11/21/17,75.5,7.81
11/22/17,59.2,8.16
11/23/17,71.2,8.27
11/24/17,78.3,8.19
11/25/17,73.2,8.7
11/26/17,69,7.97
11/27/17,66.7,7.41
11/28/17,68,6.97
11/29/17,64.8,7.27
11/30/17,63.2,7.56
12/1/17,61.2,7.78
12/2/17,62.7,7.81
12/3/17,61.6,7.99
12/4/17,63.5,7.92
12/5/17,59.5,7.93
12/6/17,58.7,7.74
12/7/17,50.2,8.18
12/8/17,60.4,8.65
12/9/17,62.8,9.49
12/10/17,59.4,10.3
12/11/17,58,10.6
12/12/17,60.2,10.2
12/13/17,59.4,9.88
12/14/17,63.5,9.39
12/15/17,59,9.63
12/16/17,61.8,9.6
12/17/17,63.6,8.83
12/18/17,56.3,8.99
12/19/17,63.6,8.84
12/20/17,52,8.59
12/21/17,59.6,8.64
12/22/17,43.3,8.99
12/23/17,45.6,9.01
12/24/17,44.3,10.4
12/25/17,43.3,11
12/26/17,41.8,12
12/27/17,41,12.1
12/28/17,41.3,12.1
12/29/17,40.6,11.9
12/30/17,38.2,11.6
12/31/17,36.3,12.6
1/1/18,36,12.7
1/2/18,40.3,12.9
1/3/18,44.7,12.3
1/4/18,45.9,11.8
1/5/18,46.7,11.8
1/6/18,47,11.7
1/7/18,45.9,11.9
1/8/18,42.9,12.2
1/9/18,38.1,12.5
1/10/18,34.9,12.4
1/11/18,33.8,12.6
1/12/18,34,12.4
1/13/18,35.9,13.3
1/20/18,31.7,13.3
1/21/18,35.7,13.2
1/22/18,39.8,12.2
1/23/18,42.9,12.1
1/24/18,45.5,12.2
1/25/18,46.6,11.3
1/26/18,47,11
1/27/18,47.1,10
1/28/18,46.5,9.43
1/29/18,43.8,9.32
1/30/18,40.8,9.32
1/31/18,38.1,8.69
2/1/18,34.9,7.47
2/2/18,32,9.42
2/3/18,30.1,9.71
2/4/18,30,8.38
2/5/18,31,7.88
2/6/18,32.6,8.94
2/7/18,34.6,8.25
2/8/18,36.2,7.28
2/9/18,37.4,7.83
2/10/18,38.4,7.69
2/11/18,39.5,7.56
2/12/18,40.1,7.1
2/13/18,41.5,7.15
2/14/18,42.4,7.08
2/15/18,43.7,6.33
2/16/18,44.9,6.95
2/17/18,45.3,7.68
2/18/18,45.3,8.03
2/19/18,45.1,7.01
2/20/18,45.3,7.43
2/21/18,45.2,7.95
2/22/18,43.6,7.48
2/23/18,45.7,7.93
2/24/18,49.4,6.95
2/25/18,55.2,7.23
2/26/18,59.3,7.27
2/27/18,92.7,6.69
2/28/18,192,4.37
3/1/18,453,4.7
3/2/18,924,3.87
3/3/18,1100,3.67
3/4/18,1150,3.51
3/5/18,1090,3.71
3/6/18,934,5.17
3/7/18,639,6.05
3/8/18,491,6.35
3/9/18,450,6.41
3/10/18,389,6.38
3/11/18,355,6.06
3/12/18,305,5.85
3/13/18,301,5.8
3/14/18,334,5.98
3/15/18,397,5.68
3/16/18,425,5.53
3/17/18,439,5.59
3/18/18,779,7
3/19/18,828,7.66
3/20/18,632,8.13
3/21/18,540,8.08
3/22/18,482,8.25
3/23/18,442,8.38
3/24/18,878,8.52
3/25/18,1360,10.6
3/26/18,1060,10.6
3/27/18,929,10.3
3/28/18,1160,10.6
3/29/18,1650,10.8
3/30/18,1610,10.7
3/31/18,1250,10.9
4/1/18,1010,10.7
4/2/18,845,10.7
4/3/18,756,10.8
4/4/18,651,10.6
4/5/18,616,10.4
4/6/18,594,10.5
4/7/18,554,10.3
4/8/18,527,10.3
4/9/18,507,10.3
4/10/18,479,10.1
4/11/18,549,9.92
4/12/18,651,10
4/13/18,651,10.1
4/14/18,641,9.86
4/15/18,587,9.55
4/16/18,665,9.79
4/17/18,763,10.3
4/18/18,894,10.3
4/19/18,908,10.4
4/20/18,1060,10.9
4/21/18,1500,11.5
4/22/18,2250,12.3
4/23/18,2680,12.1
4/24/18,2460,11.3
4/25/18,2010,10.9
4/26/18,1550,10.9
4/27/18,1260,11
4/28/18,1060,11
4/29/18,913,11
4/30/18,841,11.2
5/1/18,803,11.2
5/2/18,983,10.7
5/3/18,1620,11.2
5/4/18,2680,12.6
5/5/18,2630,12.9
5/6/18,1960,12.6
5/7/18,1500,12.4
5/8/18,1280,12.3
5/9/18,1140,12.3
5/10/18,1050,12.1
5/11/18,1110,11.8
5/12/18,1930,12.7
5/13/18,1780,13.5
5/14/18,1610,13.3
5/15/18,1450,13.2
5/16/18,1280,13
5/17/18,1150,12.9
5/18/18,1050,12.8
5/19/18,973,12.7
5/20/18,912,12.6
5/21/18,874,12.4
5/22/18,869,12.5
5/23/18,838,12.6
5/24/18,797,12.5
5/25/18,774,12.5
5/26/18,750,12.6
5/27/18,698,12.5
5/28/18,658,12.5
5/29/18,687,12.6
5/30/18,721,12.8
5/31/18,693,13.2
6/1/18,639,13
6/2/18,636,12.3
6/3/18,776,12.7
6/4/18,784,14
6/5/18,707,13.7
6/6/18,662,13.5
6/7/18,738,13.6
6/8/18,689,13.8
6/9/18,634,13.7
6/10/18,600,13.5
6/11/18,605,13.2
6/12/18,763,13.4
6/13/18,687,14.1
6/14/18,845,13.8
6/15/18,2210,12.4
6/16/18,1950,13.5
6/17/18,1460,13.3
6/18/18,1160,13
6/19/18,1380,12.4
6/20/18,2200,12.1
6/21/18,5080,10.5
6/22/18,4680,11.8
6/23/18,3600,11.9
6/24/18,3170,11.5
6/25/18,2760,11.4
6/26/18,2320,11.6
6/27/18,2120,12.2
6/28/18,1820,12.3
6/29/18,1580,12.4
6/30/18,1370,12.4
7/1/18,1910,11.9
7/2/18,1980,12.9
7/3/18,1560,13.4
7/4/18,1350,13.1
7/5/18,3240,9.82
7/6/18,3100,11.2
7/7/18,2300,12
7/8/18,1740,12.2
7/9/18,1400,12.4
7/10/18,1180,12.4
7/11/18,1140,12.1
7/12/18,1010,12.3
7/13/18,939,11.7
7/14/18,1110,11.9
7/15/18,1110,12.3
7/16/18,918,12.5
7/17/18,782,12.2
7/18/18,683,12.1
7/19/18,614,11.9
7/20/18,558,11.8
7/21/18,500,11.7
7/22/18,452,11.3
7/23/18,416,11
7/24/18,385,10.6
7/25/18,356,10.4
7/26/18,331,9.97
7/27/18,307,9.86
7/28/18,285,9.79
7/29/18,268,9.56
7/30/18,252,9.32
7/31/18,237,8.94
8/1/18,224,8.53
8/2/18,211,8.33
8/3/18,200,7.92
8/4/18,191,7.51
8/5/18,201,6.98
8/6/18,626,5.62
8/7/18,693,8.1
8/8/18,465,8.49
8/9/18,356,8.43
8/10/18,292,8.07
8/11/18,254,7.7
8/12/18,230,7.26
8/13/18,213,6.93
8/14/18,200,6.51
8/15/18,199,6.16
8/16/18,208,5.81
8/17/18,229,5.94
8/18/18,245,6.94
8/19/18,219,6.9
8/20/18,1110,5.35
8/21/18,3290,6.35
8/22/18,1990,7.99
8/23/18,1320,8.41
8/24/18,1010,8.64
8/25/18,802,8.82
8/26/18,660,8.76
8/27/18,920,8.28
8/28/18,832,8.81
8/29/18,1080,8.39
8/30/18,864,8.94
8/31/18,703,9.15
9/1/18,597,9.23
9/2/18,697,8.95
9/3/18,831,9.39
9/4/18,795,9.08
9/5/18,2730,6.8
9/6/18,3890,5.8
9/7/18,3540,5.59
9/8/18,3250,5.58
9/9/18,2800,5.67
9/10/18,2330,5.89
9/11/18,1770,6.25
9/12/18,1330,6.66
9/13/18,1090,6.98
9/14/18,945,7.25
9/15/18,829,7.48
9/16/18,735,7.73
9/17/18,667,7.88
9/18/18,625,8.08
9/19/18,868,7.74
9/20/18,2410,8.24
9/21/18,4740,5.98
9/22/18,4500,5.66
9/23/18,3850,5.66
9/24/18,3380,5.72
9/25/18,3030,5.81
9/26/18,2820,6.27
9/27/18,2390,6.83
9/28/18,1890,7.31
9/29/18,1580,7.42
9/30/18,1410,7.74
10/1/18,1310,7.91
10/2/18,1300,8.11
10/3/18,1220,8.4
10/4/18,1140,8.64
10/5/18,1090,8.58
10/6/18,1050,8.85
10/7/18,998,8.86
10/8/18,1110,8.86
10/9/18,1750,8.93
10/10/18,2960,8.72
10/11/18,2890,8.73
10/12/18,2420,8.99
10/13/18,1930,9.03
10/14/18,1610,9.03
10/15/18,1410,8.93
10/16/18,1290,8.99
10/17/18,1180,9.06
10/18/18,1080,9.06
10/19/18,1060,9.09
10/20/18,1030,9.06
10/21/18,955,8.89
10/22/18,920,9.02
10/23/18,859,8.97
10/24/18,820,8.88
10/25/18,806,8.95
10/26/18,790,9.03
10/27/18,762,9.02
10/28/18,729,8.95
10/29/18,699,8.85
10/30/18,686,8.83
10/31/18,659,8.87
11/1/18,636,8.76
11/2/18,633,8.82
11/3/18,621,8.82
11/4/18,635,8.67
11/5/18,708,8.69
11/6/18,834,8.73
11/7/18,922,8.85
11/8/18,838,8.95
11/9/18,783,9.06
11/10/18,742,9.01
11/11/18,700,8.98
11/12/18,653,9.09
11/13/18,605,8.95
11/14/18,594,9.25
11/15/18,591,9.15
11/16/18,587,9.02
11/17/18,557,8.85
11/18/18,528,8.77
11/19/18,536,8.72
11/20/18,514,8.83
11/21/18,505,8.81
11/22/18,504,8.78
11/23/18,514,8.45
11/24/18,521,8.46
11/25/18,493,8.45
11/26/18,432,8.29
11/27/18,381,8.55
11/28/18,384,8.76
11/29/18,442,8.79
11/30/18,459,8.65
12/1/18,459,8.39
12/2/18,479,8.34
12/3/18,439,8.1
12/4/18,419,7.98
12/5/18,408,8.13
12/6/18,378,8.3
12/7/18,348,8.44
12/8/18,327,8.57
12/9/18,324,8.69
12/10/18,318,8.8
12/11/18,313,8.7
12/12/18,317,8.65
12/13/18,323,8.54
12/14/18,324,8.44
12/15/18,331,8.38
12/16/18,341,8.35
12/17/18,334,8.22
12/18/18,336,8.17
12/19/18,352,8.3
12/20/18,381,8.33
12/21/18,394,8.42
12/22/18,392,8.46
12/23/18,374,8.47
12/24/18,364,8.4
12/25/18,360,8.37
12/26/18,353,8.31
12/27/18,1350,6.85
12/28/18,2930,6.93
12/29/18,2280,7.92
12/30/18,1540,8.36
12/31/18,1150,8.51
1/1/19,904,8.39
1/2/19,793,8.57
1/3/19,746,8.48
1/4/19,654,8.31
1/5/19,601,8.3
1/6/19,576,8.17
1/7/19,590,7.97
1/8/19,596,7.83
1/9/19,531,7.66
1/10/19,513,7.91
1/11/19,516,8.15
1/12/19,476,8.15
1/13/19,436,8.24
1/14/19,419,8.24
1/15/19,416,8.21
1/16/19,407,8.2
1/17/19,401,8.26
1/18/19,387,8.49
1/19/19,252,8.96
1/20/19,249,9.25
1/21/19,257,9.77
1/22/19,257,9.25
1/23/19,250,9.1
1/24/19,242,9
1/25/19,234,9.22
1/26/19,239,9.31
1/27/19,245,9.5
1/28/19,220,9.46
1/29/19,176,9.24
1/30/19,154,9.7
1/31/19,161,9.84
2/1/19,159,9.88
2/2/19,172,9.45
2/3/19,179,8.37
2/4/19,169,7.68
2/5/19,166,7.4
2/6/19,174,7.3
2/7/19,171,7.8
2/8/19,159,8.4
2/9/19,155,8.7
2/10/19,158,8.4
2/11/19,161,8.7
2/12/19,166,8.8
2/13/19,170,8.5
2/14/19,162,8.4
2/15/19,144,8.2
2/16/19,133,8.3
2/17/19,122,8.6
2/18/19,120,8.3
2/19/19,120,8.6
2/20/19,127,8.3
2/21/19,137,8.2
2/22/19,147,8.4
2/23/19,156,8.2
2/24/19,163,8.2
2/25/19,155,8.4
2/26/19,142,7.8
2/27/19,131,7.6
2/28/19,124,7.4
3/1/19,116,7.6
3/2/19,108,7.7
3/3/19,104,7.9
3/4/19,107,8
3/5/19,113,8.1
3/6/19,122,8.2
3/7/19,144,8.3
3/8/19,171,8.4
3/9/19,190,8.1
3/10/19,197,7.2
3/11/19,216,7
3/12/19,282,6.5
3/13/19,1300,4
3/14/19,5120,1.9
3/15/19,6640,1.7
3/16/19,7550,1.7
3/17/19,7260,1.7
3/18/19,6910,1.8
3/19/19,6640,1.9
3/20/19,5940,2.2
3/21/19,5260,2.6
3/22/19,4580,2.9
3/23/19,3860,3.2
3/24/19,3250,3.4
3/25/19,2760,3.6
3/26/19,2310,3.8
3/27/19,2050,3.8
3/28/19,1850,4
3/29/19,1600,4.1
3/30/19,1390,4.4
3/31/19,1200,4.5
4/1/19,1080,4.7
4/2/19,1010,4.9
4/3/19,962,4.9
4/4/19,1370,5.2
4/5/19,2160,7.2
4/6/19,1950,7.4
4/7/19,2310,7.5
4/8/19,2080,7.7
4/9/19,1720,7.6
4/10/19,1530,7.5
4/11/19,1810,7.7
4/12/19,2030,8.4
4/13/19,1710,8.4
4/14/19,1430,8.3
4/15/19,1270,8.1
4/16/19,1150,8.1
4/17/19,1060,7.9
4/18/19,1000,8
4/19/19,948,7.9
4/20/19,892,7.8
4/21/19,847,7.8
4/22/19,793,7.8
4/23/19,755,7.7
4/24/19,741,7.6
4/25/19,725,7.6
4/26/19,707,7.4
4/27/19,720,7.4
4/28/19,949,7.6
4/29/19,1110,8.5
4/30/19,995,8.6
5/1/19,919,8.4
5/2/19,866,8.4
5/3/19,816,8.1
5/4/19,776,8
5/5/19,760,7.8
5/6/19,754,7.7
5/7/19,723,7.7
5/8/19,917,7.6
5/9/19,2430,10.2
5/10/19,2220,10.4
5/11/19,1670,9.9
5/12/19,1530,9.5
5/13/19,1610,9.5
5/14/19,1470,9.5
5/15/19,1820,10
5/16/19,1550,10
5/17/19,1570,9.8
5/18/19,1950,10.3
5/19/19,2040,10.3
5/20/19,2230,10.8
5/21/19,1800,10.5
5/22/19,2400,10.5
5/23/19,2900,11.4
5/24/19,3920,10.6
5/25/19,4740,11
5/26/19,3810,11
5/27/19,3700,10.5
5/28/19,4100,10.9
5/29/19,3440,11.2
5/30/19,3280,10.9
5/31/19,3090,11
6/1/19,2600,11.1
6/2/19,2110,11
6/3/19,1790,11
6/4/19,1600,11
6/5/19,1420,11
6/6/19,1270,11.1
6/7/19,1160,11.1
6/8/19,1070,11.2
6/9/19,969,11.3
6/10/19,883,11.3
6/11/19,825,11.3
6/12/19,796,11.2
6/13/19,745,11.3
6/14/19,703,11.2
6/15/19,683,11.3
6/16/19,696,11.2
6/17/19,665,11.1
6/18/19,1400,11.5
6/19/19,1660,12.9
6/20/19,1290,12.7
6/21/19,2300,9.7
6/22/19,2330,11
6/23/19,1730,11.4
6/24/19,2380,11.2
6/25/19,2400,12.4
6/26/19,1830,12.3
6/27/19,1470,11.8
6/28/19,1270,11.6
6/29/19,1120,11.6
6/30/19,1010,11.4
7/1/19,909,11.2
7/2/19,828,11
7/3/19,793,10.7
7/4/19,755,10.5
7/5/19,3050,9.2
7/6/19,2630,10.9
7/7/19,1870,11
7/8/19,1480,11.2
7/9/19,1230,11
7/10/19,1070,10.7
7/11/19,916,10.6
7/12/19,799,10.3
7/13/19,724,10.3
7/14/19,899,10.4
7/15/19,816,10.8
7/16/19,694,10.8
7/17/19,650,10.5
7/18/19,945,10.5
7/19/19,945,11.3
7/20/19,746,11
7/21/19,632,10.7
7/22/19,560,10.4
7/23/19,505,10.4
7/24/19,459,10.2
7/25/19,424,10
7/26/19,398,9.8
7/27/19,372,9.7
7/28/19,342,9.4
7/29/19,324,8.8
7/30/19,300,8.7
7/31/19,282,8.5
8/1/19,267,8.1
8/2/19,250,8.2
8/3/19,233,8
8/4/19,219,7.5
8/5/19,207,7.2
8/6/19,196,7
8/7/19,185,6.9
8/8/19,175,6.8
8/9/19,164,6.6
8/10/19,155,6.5
8/11/19,149,6.4
8/12/19,150,6.2
8/13/19,140,5.9
8/14/19,129,6.1
8/15/19,123,6.4
8/16/19,117,6.3
8/17/19,112,6.4
8/18/19,135,5.6
8/19/19,141,5.7
8/20/19,134,5.3
8/21/19,125,4.5
8/22/19,112,6.1
8/23/19,103,5.7
8/24/19,94.5,5.8
8/25/19,89.1,5.6
8/26/19,86.6,5.5
8/27/19,84.5,5.6
8/28/19,78.3,6.1
8/29/19,73.3,6.6
8/30/19,68.5,6.8
8/31/19,66.1,6.8
9/1/19,65.2,6.5